ashlyn,brandon,brandon,brandon,brandon,brandon
brandon,brandon,brandon,brandon,brandon,brandon
brandon,brandon,brandon,brandon,brandon,brandon
brandon,brandon,brandon,brandon,brandon,brandon
brandon,brandon,brandon,brandon,brandon,brandon
brandon,brandon,brandon,brandon,brandon,brandon
brandon,brandon,brandon,brandon,brandon,brandon
brandon,brandon,brandon,brandon,brandon,brandon
brandon,brandon,brandon,brandon,brandon,brandon
brandon,brandon,brandon,brandon,brandon,brandon
brandon,brandon,brandon,brandon,brandon,brandon
brandon,brandon,brandon,brandon,brandon,brandon
brandon,brandon,brandon,brandon,brandon,brandon
brandon,brandon,brandon,brandon,brandon,brandon
brandon,brandon,brandon,brandon,brandon,brandon
brandon,brandon,brandon,brandon,brandon,brandon
brandon,brandon,brandon,brandon,brandon,brandon
brandon,brandon,brandon,brandon,brandon,brandon
brandon,brandon,brandon,brandon,brandon,brandon
brandon,brandon,brandon,brandon,brandon,brandon
brandon,brandon,brandon,brandon,brandon,brandon
brandon,brandon,brandon,brandon,brandon,brandon
brandon,brandon,brandon,brandon,brandon,brandon
brandon,brandon,brandon,brandon,brandon,ashlyn
